"1035eb93-2208-4c22-bab8-fef06769a73c",30
"1035eb93-2208-4c22-bab8-fef06769a73c",50
"1035eb93-2208-4c22-bab8-fef06769a73c",20
"1035eb93-2208-4c22-bab8-fef06769a73c",70
"6aa5dbf5-78fa-4375-b22c-ffaa989732d2",100
"6aa5dbf5-78fa-4375-b22c-ffaa989732d2",0
"6aa5dbf5-78fa-4375-b22c-ffaa989732d2",90
"6aa5dbf5-78fa-4375-b22c-ffaa989732d2",30
"b661a2e1-aebf-4f50-9139-0fb817dd12c6",40
"b661a2e1-aebf-4f50-9139-0fb817dd12c6",100
"b661a2e1-aebf-4f50-9139-0fb817dd12c6",70
"3d996a97-c81c-4642-9afc-80b80dc14015",10
"3d996a97-c81c-4642-9afc-80b80dc14015",30
"3d996a97-c81c-4642-9afc-80b80dc14015",90
"3d996a97-c81c-4642-9afc-80b80dc14015",30
"3d996a97-c81c-4642-9afc-80b80dc14015",100
"3d996a97-c81c-4642-9afc-80b80dc14015",20
"3d996a97-c81c-4642-9afc-80b80dc14015",10
"3d996a97-c81c-4642-9afc-80b80dc14015",0
"3d996a97-c81c-4642-9afc-80b80dc14015",30
"3d996a97-c81c-4642-9afc-80b80dc14015",40
"3d996a97-c81c-4642-9afc-80b80dc14015",40
"3d996a97-c81c-4642-9afc-80b80dc14015",70
"3d996a97-c81c-4642-9afc-80b80dc14015",70
"1084ecb5-3eb4-46fe-a816-e40331a4e83a",20
"1084ecb5-3eb4-46fe-a816-e40331a4e83a",10
"1084ecb5-3eb4-46fe-a816-e40331a4e83a",30
"e6465b6b-5a11-4936-bfe3-35241c4f4f16",40
"e6465b6b-5a11-4936-bfe3-35241c4f4f16",20
"e6465b6b-5a11-4936-bfe3-35241c4f4f16",40
"e6465b6b-5a11-4936-bfe3-35241c4f4f16",30
"f73b02af-c8fd-41c9-91b9-c86eaa86bce2",30
"f73b02af-c8fd-41c9-91b9-c86eaa86bce2",70
"16608eae-f60f-4a88-800e-aabce5df2865",40
"2df075f9-fec9-4756-8f40-98c52a11504f",70
"2df075f9-fec9-4756-8f40-98c52a11504f",50
"2df075f9-fec9-4756-8f40-98c52a11504f",20
"2df075f9-fec9-4756-8f40-98c52a11504f",30
"809c4058-7eb1-4206-b01e-79238b9b71bc",30
"809c4058-7eb1-4206-b01e-79238b9b71bc",50
"809c4058-7eb1-4206-b01e-79238b9b71bc",20
"809c4058-7eb1-4206-b01e-79238b9b71bc",70
"ddb0efc0-9a86-4f82-bc30-21ae0bdc6418",20
"ddb0efc0-9a86-4f82-bc30-21ae0bdc6418",70
"ddb0efc0-9a86-4f82-bc30-21ae0bdc6418",15
"ddb0efc0-9a86-4f82-bc30-21ae0bdc6418",25
"ddb0efc0-9a86-4f82-bc30-21ae0bdc6418",30
"6a0fd2d1-4cc4-46b9-a5bb-2fb667ca2364",20
"6a0fd2d1-4cc4-46b9-a5bb-2fb667ca2364",70
"6a0fd2d1-4cc4-46b9-a5bb-2fb667ca2364",15
"6a0fd2d1-4cc4-46b9-a5bb-2fb667ca2364",25
"6a0fd2d1-4cc4-46b9-a5bb-2fb667ca2364",30
